"","x","","x","","x","","x","","x","","x","","x","","x","","x","","x"
"roll","6.80208481732716e-06","mechanisms","7.38681524607386e-06","luther","6.86365325631789e-06","oenologist","6.98261576713051e-06","pleasant","6.8723460515636e-06","professionalism","3.76418659717429e-23","wordscampaigns","6.99497394646273e-06","stodgy","6.95477827778915e-06","bozeman","6.57444626742303e-06","casually","6.97899435257164e-06"
"plantings","6.80276827105057e-06","manufactured","7.3885094498088e-06","postcrisis","6.86417678111646e-06","moscovici","6.98379587999339e-06","concoctions","6.87399567020173e-06","prehistoric","3.76435910755745e-23","vial","6.99674847851556e-06","physiological","6.95878607785883e-06","focuses","6.57818018204939e-06","reductions","6.97981849203e-06"
"depleted","6.80350627661828e-06","nickelodeon","7.3954452449068e-06","helmet","6.86428277780712e-06","chekhov","6.98388901595319e-06","milligan","6.87658013561992e-06","watsons","3.76437226192518e-23","hypermarkets","6.99757232040477e-06","muhammad","6.95885378708129e-06","wcd","6.57980484949398e-06","lobbies","6.98071769812259e-06"
"quentin","6.80778453824416e-06","notyetcomplete","7.39544591732459e-06","dominique","6.86493378346656e-06","employ","6.98582023880505e-06","kgalbraithtexastribuneorg","6.88045152019839e-06","cancels","3.76813893901675e-23","distracting","6.99920736633121e-06","dhabi","6.95954612561929e-06","commands","6.58003903665982e-06","sat","6.9834879113701e-06"
"amc","6.80828982806684e-06","hbos","7.39809597085458e-06","contended","6.87159144575312e-06","immaterial","6.98803995898694e-06","sicker","6.88081909025806e-06","greenwood","3.76821237098893e-23","jumps","6.99992501988137e-06","markers","6.96087390946104e-06","nephew","6.58391358198807e-06","mentor","6.98373129264789e-06"
"aerial","6.80906958791759e-06","nap","7.40137888709352e-06","bloomsbury","6.8722907408949e-06","algorecom","6.98977793627485e-06","denihan","6.88345085355988e-06","jumps","3.77162611109765e-23","justmissed","7.00138697356952e-06","shelved","6.96404366153206e-06","wellconnected","6.58843566066291e-06","humana","6.98797616320989e-06"
"medias","6.81287761865225e-06","sumptuous","7.40285612796476e-06","donors","6.87284274082951e-06","intertidal","6.99099346176965e-06","searched","6.88563954824481e-06","steroids","3.77370933905235e-23","spigot","7.00189944918464e-06","caboose","6.96923659083541e-06","yoki","6.59013558486288e-06","dinallos","6.98848916259776e-06"
"evanovich","6.81375080827186e-06","helmet","7.40563644031235e-06","âchris","6.87289051022731e-06","goodbye","6.99728214317053e-06","leapfrog","6.88915002879261e-06","travoltas","3.77525597879516e-23","giles","7.00567879736209e-06","eastman","6.96960293699148e-06","wiping","6.59103364074872e-06","pitting","6.99106489553482e-06"
"untidy","6.81474428572436e-06","respectively","7.40708124197412e-06","springfield","6.87411748863057e-06","novelties","6.99776096456543e-06","suburbs","6.89412701407959e-06","walkup","3.77617535415785e-23","voluntary","7.01261242869174e-06","hatred","6.97241236084637e-06","pushcarts","6.5915689332973e-06","abstracted","6.99190914327714e-06"
"haniel","6.81995178731603e-06","battery","7.40729195669966e-06","widespread","6.87473221678291e-06","elses","6.99994801076223e-06","modification","6.89485369444504e-06","stroz","3.77623957738512e-23","ereaders","7.01301577032427e-06","cyberspace","6.98547538801417e-06","ship","6.59257724819628e-06","defeated","6.99494886947948e-06"
"favorites","6.82407098434377e-06","staved","7.40753521972114e-06","elective","6.87535342725899e-06","columns","7.00222817189841e-06","flush","6.89576297014972e-06","frequented","3.7774619920061e-23","reflections","7.01414688518628e-06","obfuscate","6.98650910512395e-06","originated","6.5934118904776e-06","examiners","6.99949469356093e-06"
"waldenglishnewspaper","6.82794037789551e-06","hachette","7.41055712709743e-06","infiniti","6.8775631098664e-06","recoupment","7.00307160761003e-06","assumes","6.89600172455756e-06","heirs","3.77759144805845e-23","mutually","7.01665307702177e-06","smallcar","6.99091060010214e-06","nowsuccessful","6.59387245947389e-06","cubicle","7.00010136952927e-06"
"seeds","6.82794732742575e-06","ethical","7.41120258693867e-06","fad","6.87834302694978e-06","toyoda","7.00551560324364e-06","der","6.89835852532408e-06","wikipedia","3.77835231822911e-23","whooping","7.01707206843234e-06","washingtonbased","6.99168129540523e-06","langley","6.59396475118307e-06","layer","7.01522814557104e-06"
"rolling","6.82953335833253e-06","cloudlate","7.41135114937562e-06","concoctions","6.87845475410892e-06","repay","7.00592940287746e-06","postmodernism","6.89869312366292e-06","bestknown","3.77848105604866e-23","navigated","7.01939818465846e-06","evidencebased","6.99270824806611e-06","undermines","6.59492708801398e-06","alena","7.01598795582192e-06"
"macfarlane","6.8312181686954e-06","diesel","7.412159097051e-06","vermicomposting","6.87885890794736e-06","danielle","7.00828212712242e-06","tmobile","6.89893523332019e-06","burggraeve","3.77932988615268e-23","castellani","7.02267209556518e-06","dispatch","6.99749433102799e-06","whir","6.59546268643686e-06","blunt","7.02016568044795e-06"
"unmoved","6.83381066843524e-06","growthlate","7.41434649592766e-06","quentin","6.88002478062127e-06","taraji","7.00828716870905e-06","loosen","6.90029987725234e-06","tbda","3.77990444926729e-23","pack","7.03259633445921e-06","pinks","6.99820894161096e-06","sympathies","6.59629017361654e-06","marquee","7.02026765161211e-06"
"forge","6.83511408783192e-06","stimulants","7.42333656395449e-06","debacle","6.89080504405062e-06","article","7.01366877238893e-06","capitalrestructuring","6.90049661691269e-06","parked","3.77995006696358e-23","constrain","7.03309843217064e-06","staircase","6.99982830706865e-06","moderate","6.59728224607613e-06","regret","7.02245405432432e-06"
"stakeholders","6.83603811055132e-06","capitalization","7.42384263836919e-06","compensate","6.89504619555817e-06","statesman","7.01591541034811e-06","warheads","6.90412926730263e-06","tightly","3.78002135397266e-23","opposition","7.03676887224176e-06","contraceptives","7.0020116882231e-06","roamed","6.59964973390248e-06","exempt","7.02246739315619e-06"
"flemington","6.83689518264833e-06","disrespect","7.42533310034907e-06","raising","6.89516824789786e-06","cayman","7.01760982513993e-06","applebees","6.90605213543716e-06","mikhail","3.78113371647535e-23","playwrights","7.03690598517525e-06","bigelow","7.0021137565797e-06","incurring","6.60015786138294e-06","relaunched","7.02652614562891e-06"
"dagger","6.83720257065179e-06","weifang","7.4260071943311e-06","deregulation","6.89836565985033e-06","pervasive","7.01878962401236e-06","tenements","6.90822694922056e-06","unthinkable","3.78369886054651e-23","readers","7.03694772604151e-06","chess","7.00623265275838e-06","fools","6.60277215283234e-06","nodes","7.02715412662181e-06"
"tracked","6.8381158478126e-06","krulwichthe","7.42634552201613e-06","globant","6.90034305349455e-06","beneficial","7.02831077048283e-06","unnerving","6.91124680399141e-06","elongate","3.78394608873084e-23","wetland","7.03705239828883e-06","dealt","7.00658395737305e-06","tally","6.60344251856635e-06","relax","7.02901991934717e-06"
"doomsayers","6.84117590057949e-06","behindthescenes","7.42641642495899e-06","motives","6.90650865859036e-06","farmer","7.0286981419339e-06","brew","6.91244654054241e-06","anys","3.78419637994966e-23","austrian","7.04006803283875e-06","zeroemission","7.00886107386214e-06","siberianpacific","6.60379721972442e-06","fuzzy","7.0291845830043e-06"
"deena","6.84266187960326e-06","clorox","7.42738034831589e-06","mentions","6.90679579153749e-06","violations","7.03152003963309e-06","debra","6.91394450451585e-06","conservatorship","3.78487314648699e-23","jaguar","7.04023169146601e-06","banner","7.01071007214783e-06","bookexpo","6.60956075775621e-06","omnipresent","7.02957783554776e-06"
"league","6.84805778411045e-06","mash","7.43189123797804e-06","chugging","6.90717305792101e-06","fulfilled","7.03488279860043e-06","softbanks","6.91601342274494e-06","precise","3.78583274647201e-23","trusted","7.0409216226089e-06","indiscriminate","7.01175847839053e-06","reincarnated","6.60963741666761e-06","jeter","7.03361156376508e-06"
"ios","6.85214178376257e-06","joins","7.4339698601175e-06","jacket","6.91306991132647e-06","takeoff","7.0371409806965e-06","sandys","6.91752076786832e-06","thoughtful","3.78721004974874e-23","unwise","7.04545121706593e-06","redemption","7.01356052736379e-06","robbinsenglishnewspaper","6.61083239547988e-06","bailed","7.03630428627574e-06"
"wordsnaypyidaw","6.85336191757512e-06","caravan","7.43440004266605e-06","machine","6.91529825663178e-06","feared","7.04110997726925e-06","brotherlike","6.919302763444e-06","typing","3.79013230302478e-23","developmentlate","7.04747474919428e-06","fleet","7.0152727210005e-06","oilexploration","6.61184811786839e-06","dietitians","7.03987699716284e-06"
"remedies","6.85561577781638e-06","submerge","7.43524919038288e-06","woetzel","6.92184839125593e-06","capitalized","7.04355959696723e-06","lifes","6.92044832467252e-06","lvmhmoãt","3.79041409148118e-23","someones","7.04877523064823e-06","chases","7.01683261539852e-06","ebbed","6.61293953391134e-06","emphasizing","7.0410732318837e-06"
"disinterested","6.85883244928843e-06","expelled","7.43758504372759e-06","preferences","6.92321428225246e-06","uncovered","7.04359774739081e-06","gently","6.92932548476092e-06","terrence","3.79591876031003e-23","overnight","7.05153462728479e-06","swift","7.02081140565092e-06","buzzing","6.61320244118854e-06","erasing","7.04139338347985e-06"
"rolls","6.86067311511418e-06","realitylate","7.44004783809187e-06","busting","6.9255229272601e-06","embarrassed","7.04391815733058e-06","ithaca","6.93015282828794e-06","safest","3.7975994957168e-23","tisch","7.05265564175407e-06","apologize","7.02121070699344e-06","citroenthe","6.61463157114495e-06","rewards","7.04168457536023e-06"
"robb","6.86122594329582e-06","plentiful","7.44682328793422e-06","black","6.92779805997868e-06","sprout","7.04564937459358e-06","quartet","6.93717484060314e-06","unchallenged","3.79772386424683e-23","retreat","7.05500314216315e-06","doha","7.02460783584113e-06","anomaly","6.61531983030314e-06","soothe","7.04407167630972e-06"
"eddyenglishnewspaper","6.86308374136663e-06","endangered","7.44709381374268e-06","plimpton","6.93273796293577e-06","ronin","7.05132707972962e-06","quinns","6.93719376791305e-06","nationally","3.80090950636235e-23","withholding","7.05623537604005e-06","pitches","7.02487172763857e-06","klinger","6.61927757642184e-06","bowles","7.04518205537178e-06"
"burner","6.8671562528215e-06","ana","7.44844977807693e-06","norwest","6.93511730557373e-06","sat","7.05237793095502e-06","alumni","6.93729737597719e-06","perversely","3.80491015359016e-23","afterthought","7.05762523403961e-06","nod","7.02513955071167e-06","ehab","6.62695606738292e-06","internalize","7.04822299303986e-06"
"economys","6.86882911565311e-06","tenderizing","7.45050313732033e-06","shoppertrak","6.93838740643494e-06","mound","7.05320491610478e-06","cairo","6.93987435661896e-06","supermarkets","3.80976465847797e-23","names","7.06056068289702e-06","foam","7.03268663464799e-06","antonelli","6.63500219182714e-06","lowthe","7.04975881239978e-06"
"aristos","6.86898295035707e-06","âtodd","7.45245907329638e-06","genentech","6.93927466390577e-06","prometheus","7.05472293542528e-06","necks","6.94102292587603e-06","demonstration","3.81060648060417e-23","provoke","7.06239980038199e-06","energyfiendcom","7.03398881925014e-06","veterinary","6.63549989318255e-06","virtuelate","7.05240660904153e-06"
"deploying","6.8692092195488e-06","airport","7.45505356416847e-06","adults","6.93947576412322e-06","reutersenglishnewspaper","7.0554979034648e-06","shillers","6.94475996382052e-06","weekday","3.81065488145241e-23","hearings","7.06276948455057e-06","reminded","7.03438928845303e-06","curbing","6.63607618942979e-06","rub","7.05377917993718e-06"
